{"name":"openwebicons","repository":"pfefferle/openwebicons","version":"1.4.3","keywords":["openweb","icons","font","css","sass","scss"],"main":"css/openwebicons.min.css","license":"OFL-1.1","styles":["css/openwebicons.css"],"fonts":["font/openwebicons.eot","font/openwebicons.svg","font/openwebicons.ttf","font/openwebicons.woff","font/openwebicons.woff2"],"description":"OpenWeb Icons","author":{"name":"Matthias Pfefferle","email":"pfefferle@gmail.com","url":"http://notizblog.org"},"development":{"grunt":"^0.4.5","grunt-contrib-sass":"~0.8.0","grunt-kss":"^0.2.8","grunt-svg2ttf":"*","grunt-update-json":"*"}}
